Var1,Var2,Var3,Var4,Var5,Var6,Var7,Var8,Var9,Var10,Var11,Var12,Var13,Var14,Var15,Var16,Var17,Var18,Var19,Var20,Var21,Var22,Var23,Var24,Var25,Var26,Var27
A00028185,Wander Focused-Wandering Focus Focused-Wandering Wander Focused-Wandering Focus Wandering-Focused Wander Wandering-Focused Focus Wandering-Focused Wander Focused-Wandering Focus Focused-Wandering Wander Focused-Wandering Focus Wandering-Focused Wander Wandering-Focused Focus Wandering-Focused,1,-0.530548627817909,NaN,0.000983995416622593,NaN,-0.747936503764857,NaN,-0.00574886757299822,NaN,-0.621916942276019,NaN,0.0933029663858692,NaN,NaN,-0.666508441022242,NaN,0.735093753172178,NaN,0.97032768951437,NaN,0.55869514114537,NaN,-0.719157432810809,NaN,-0.780337487037785
A00033747,Wander Wandering-Focused Focus Wandering-Focused Wander Wandering-Focused Focus Focused-Wandering Wander Focused-Wandering Focus Focused-Wandering Wander Wandering-Focused Focus Wandering-Focused Wander Wandering-Focused Focus Focused-Wandering Wander Focused-Wandering Focus Focused-Wandering,2,-0.44759886313409,NaN,0.966330421352057,NaN,-0.43950600578059,NaN,-0.758150852198545,NaN,0.880335874731515,NaN,0.0743549495580039,NaN,NaN,0.959708709880355,NaN,-0.280033000360815,NaN,-0.699136841367269,NaN,0.862804619806953,NaN,0.913997879717992,NaN,0.908893010647276
A00034854,Focus Focused-Wandering Wander Focused-Wandering Focus Focused-Wandering Wander Wandering-Focused Focus Wandering-Focused Wander Wandering-Focused Focus Focused-Wandering Wander Focused-Wandering Focus Focused-Wandering Wander Wandering-Focused Focus Wandering-Focused Wander Wandering-Focused,3,NaN,-0.29392682767862,NaN,-0.325504922494824,NaN,-0.741928848943732,NaN,0.895544445770872,NaN,0.0746029651670713,NaN,-0.502722166019051,-0.568101105201362,NaN,-0.31341850463898,NaN,0.550405056477748,NaN,0.957701614306246,NaN,0.985940638531909,NaN,0.812170805439043,NaN
A00035072,Focus Focused-Wandering Wander Focused-Wandering Focus Focused-Wandering Wander Wandering-Focused Focus Wandering-Focused Wander Wandering-Focused Focus Focused-Wandering Wander Focused-Wandering Focus Focused-Wandering Wander Wandering-Focused Focus Wandering-Focused Wander Wandering-Focused,3,NaN,0.275495746735053,NaN,0.966307947665238,NaN,0.979017037312297,NaN,0.110614857641723,NaN,0.944413158062206,NaN,0.946633336750825,0.0626356671402947,NaN,0.790295888412789,NaN,0.584729052468626,NaN,0.695452048307544,NaN,0.941997564099811,NaN,0.646856531265647,NaN
A00035840,Focus Focused-Wandering Wander Focused-Wandering Focus Focused-Wandering Wander Wandering-Focused Focus Wandering-Focused Wander Wandering-Focused Focus Focused-Wandering Wander Focused-Wandering Focus Focused-Wandering Wander Wandering-Focused Focus Wandering-Focused Wander Wandering-Focused,3,NaN,-0.819844463520038,NaN,0.967565037883309,NaN,-0.740844706701395,NaN,0.53785011560532,NaN,0.973376178765867,NaN,-0.834798905829077,0.721965801374687,NaN,-0.964213652766657,NaN,0.959258811076976,NaN,0.747815848841689,NaN,-0.971399757225282,NaN,0.982344568908951,NaN
A00037112,Focus Wandering-Focused Wander Wandering-Focused Focus Wandering-Focused Wander Focused-Wandering Focus Focused-Wandering Wander Focused-Wandering Focus Wandering-Focused Wander Wandering-Focused Focus Wandering-Focused Wander Focused-Wandering Focus Focused-Wandering Wander Focused-Wandering,4,NaN,-0.635209110879424,NaN,-0.528915037121119,NaN,-0.90421132160792,NaN,0.946970641383945,NaN,0.670904380561967,NaN,-0.696742943368294,0.152351542404437,NaN,0.758958106241001,NaN,-0.205752126906369,NaN,-0.575658572277415,NaN,-0.589822201891032,NaN,-0.641688886331466,NaN
A00037848,Focus Focused-Wandering Wander Focused-Wandering Focus Focused-Wandering Wander Wandering-Focused Focus Wandering-Focused Wander Wandering-Focused Focus Focused-Wandering Wander Focused-Wandering Focus Focused-Wandering Wander Wandering-Focused Focus Wandering-Focused Wander Wandering-Focused,3,NaN,-0.937263059074732,NaN,0.984740893532536,NaN,-0.818772102311247,NaN,0.668450673467601,NaN,0.932361312972943,NaN,-0.129337700398826,0.775788934437071,NaN,-0.673139207751707,NaN,0.604637817280316,NaN,0.559289009698903,NaN,-0.927295689143587,NaN,-0.690563158567959,NaN
A00038642,Focus Wandering-Focused Wander Wandering-Focused Focus Wandering-Focused Wander Focused-Wandering Focus Focused-Wandering Wander Focused-Wandering Focus Wandering-Focused Wander Wandering-Focused Focus Wandering-Focused Wander Focused-Wandering Focus Focused-Wandering Wander Focused-Wandering,4,NaN,-0.375189639791113,NaN,0.983185194207373,NaN,-0.793736093100474,NaN,0.45382793908356,NaN,0.954564548235904,NaN,-0.53542868777027,-0.833777537928663,NaN,0.416812447644849,NaN,0.38072594104035,NaN,0.977830667477621,NaN,-0.845816718525481,NaN,0.92716800198256,NaN
A00038998,Wander Wandering-Focused Focus Wandering-Focused Wander Wandering-Focused Focus Focused-Wandering Wander Focused-Wandering Focus Focused-Wandering Wander Wandering-Focused Focus Wandering-Focused Wander Wandering-Focused Focus Focused-Wandering Wander Focused-Wandering Focus Focused-Wandering,2,-0.607023932085412,NaN,0.949311635962755,NaN,0.877265232922469,NaN,0.969633215460166,NaN,0.989251653482616,NaN,0.780660414111909,NaN,NaN,-0.75885831789259,NaN,0.977412620426208,NaN,0.948838228375943,NaN,0.0822251434745534,NaN,-0.694193389216912,NaN,0.959909413100186
A00040623,Focus Focused-Wandering Wander Focused-Wandering Focus Focused-Wandering Wander Wandering-Focused Focus Wandering-Focused Wander Wandering-Focused Focus Focused-Wandering Wander Focused-Wandering Focus Focused-Wandering Wander Wandering-Focused Focus Wandering-Focused Wander Wandering-Focused,3,NaN,0.000139740259815733,NaN,0.370491818271543,NaN,-0.0921099848878112,NaN,-0.497313736014566,NaN,0.373844928785087,NaN,-0.940393400485996,-0.787522851419014,NaN,-0.209324740168057,NaN,0.353407318778235,NaN,0.480690864839809,NaN,0.734600723508472,NaN,0.420004481368722,NaN
A00040628,Wander Wandering-Focused Focus Wandering-Focused Wander Wandering-Focused Focus Focused-Wandering Wander Focused-Wandering Focus Focused-Wandering Wander Wandering-Focused Focus Wandering-Focused Wander Wandering-Focused Focus Focused-Wandering Wander Focused-Wandering Focus Focused-Wandering,2,0.853334128780952,NaN,-0.285803580172374,NaN,-0.71687605976234,NaN,0.431994147125824,NaN,0.924141804811693,NaN,0.787920560717901,NaN,NaN,0.262835989946233,NaN,-0.526700626586924,NaN,0.777050736168011,NaN,-0.673674039505608,NaN,-0.638830782020374,NaN,0.736376016678744
A00040640,Focus Wandering-Focused Wander Wandering-Focused Focus Wandering-Focused Wander Focused-Wandering Focus Focused-Wandering Wander Focused-Wandering Focus Wandering-Focused Wander Wandering-Focused Focus Wandering-Focused Wander Focused-Wandering Focus Focused-Wandering Wander Focused-Wandering,4,NaN,0.930288520314626,NaN,0.96587245739564,NaN,-0.273548475922922,NaN,0.332499440677298,NaN,0.950591324721501,NaN,0.601519209914556,-0.674252805213649,NaN,-0.706209282421295,NaN,-0.164487648988926,NaN,0.906134055170998,NaN,-0.874329266199054,NaN,0.118379737475728,NaN
A00040944,Focus Wandering-Focused Wander Wandering-Focused Focus Wandering-Focused Wander Focused-Wandering Focus Focused-Wandering Wander Focused-Wandering Focus Wandering-Focused Wander Wandering-Focused Focus Wandering-Focused Wander Focused-Wandering Focus Focused-Wandering Wander Focused-Wandering,4,NaN,0.946948624210785,NaN,0.961957180844428,NaN,0.33268803653272,NaN,0.127189432967975,NaN,0.177739193873473,NaN,0.862716575274774,0.917538092294604,NaN,0.868363922092639,NaN,0.910557497319536,NaN,0.763161931570825,NaN,-0.844311192365431,NaN,-0.805443491243253,NaN
A00043299,Focus Wandering-Focused Wander Wandering-Focused Focus Wandering-Focused Wander Focused-Wandering Focus Focused-Wandering Wander Focused-Wandering Focus Wandering-Focused Wander Wandering-Focused Focus Wandering-Focused Wander Focused-Wandering Focus Focused-Wandering Wander Focused-Wandering,4,NaN,0.582820371862312,NaN,0.9633332168623,NaN,0.931272882948744,NaN,0.747257287772733,NaN,0.929157661943409,NaN,0.962597046646833,0.527259297780905,NaN,-0.553042357786124,NaN,-0.688292065718395,NaN,0.424181357135409,NaN,-0.53389774179002,NaN,-0.0797242780690742,NaN
A00043677,Wander Focused-Wandering Focus Focused-Wandering Wander Focused-Wandering Focus Wandering-Focused Wander Wandering-Focused Focus Wandering-Focused Wander Focused-Wandering Focus Focused-Wandering Wander Focused-Wandering Focus Wandering-Focused Wander Wandering-Focused Focus Wandering-Focused,1,-0.677156095168109,NaN,-0.315930455362937,NaN,0.250809775211134,NaN,0.311549911438414,NaN,0.932520484404016,NaN,-0.230812917316304,NaN,NaN,-0.91337549316166,NaN,-0.613521639693204,NaN,0.0470738019357205,NaN,0.899951343062123,NaN,-0.82226358378888,NaN,0.977609622703722
A00043704,Wander Focused-Wandering Focus Focused-Wandering Wander Focused-Wandering Focus Wandering-Focused Wander Wandering-Focused Focus Wandering-Focused Wander Focused-Wandering Focus Focused-Wandering Wander Focused-Wandering Focus Wandering-Focused Wander Wandering-Focused Focus Wandering-Focused,1,0.651395698920034,NaN,0.958122547146668,NaN,0.800974841001284,NaN,0.824223707767846,NaN,0.924470207594073,NaN,-0.263756971799127,NaN,NaN,-0.0754352625041972,NaN,-0.795596912237409,NaN,0.876304581334811,NaN,0.401227180566344,NaN,0.924245010306436,NaN,0.884606956455511
A00043721,Focus Focused-Wandering Wander Focused-Wandering Focus Focused-Wandering Wander Wandering-Focused Focus Wandering-Focused Wander Wandering-Focused Focus Focused-Wandering Wander Focused-Wandering Focus Focused-Wandering Wander Wandering-Focused Focus Wandering-Focused Wander Wandering-Focused,3,NaN,0.902326651483086,NaN,0.988872877810772,NaN,0.77757816406765,NaN,-0.876273464360875,NaN,-0.737412703345225,NaN,-0.813783347990042,-0.893719262582995,NaN,-0.886118120724445,NaN,-0.579085058632661,NaN,0.548346689129106,NaN,0.0815523472873453,NaN,-0.91287192848666,NaN
A00043722,Focus Wandering-Focused Wander Wandering-Focused Focus Wandering-Focused Wander Focused-Wandering Focus Focused-Wandering Wander Focused-Wandering Focus Wandering-Focused Wander Wandering-Focused Focus Wandering-Focused Wander Focused-Wandering Focus Focused-Wandering Wander Focused-Wandering,4,NaN,-0.879120199755059,NaN,0.841425862772911,NaN,0.799186439258868,NaN,0.565947901974075,NaN,0.835677775161841,NaN,0.967598064947366,0.711159907748212,NaN,0.981005221733851,NaN,-0.76013804387186,NaN,0.859912821972312,NaN,0.859392359638216,NaN,0.713153489517782,NaN
A00043998,Focus Focused-Wandering Wander Focused-Wandering Focus Focused-Wandering Wander Wandering-Focused Focus Wandering-Focused Wander Wandering-Focused Focus Focused-Wandering Wander Focused-Wandering Focus Focused-Wandering Wander Wandering-Focused Focus Wandering-Focused Wander Wandering-Focused,3,NaN,-0.532756897675677,NaN,-0.812075651679823,NaN,0.635834910633145,NaN,-0.566056929325646,NaN,0.915902115503359,NaN,0.932422602883946,0.908292536577323,NaN,0.45576116748011,NaN,0.473698503544691,NaN,0.744561192127689,NaN,0.105371163972831,NaN,0.772797558520107,NaN
A00045590,Wander Focused-Wandering Focus Focused-Wandering Wander Focused-Wandering Focus Wandering-Focused Wander Wandering-Focused Focus Wandering-Focused Wander Focused-Wandering Focus Focused-Wandering Wander Focused-Wandering Focus Wandering-Focused Wander Wandering-Focused Focus Wandering-Focused,1,-0.700489380938087,NaN,0.400696011703666,NaN,0.482387682258907,NaN,0.691543518330371,NaN,0.747120040185863,NaN,0.772700527034362,NaN,NaN,0.893802985245234,NaN,0.88110658065406,NaN,-0.791549201301491,NaN,-0.272037063449649,NaN,-0.773505643261871,NaN,-0.0537487208593884
A00050940,Wander Focused-Wandering Focus Focused-Wandering Wander Focused-Wandering Focus Wandering-Focused Wander Wandering-Focused Focus Wandering-Focused Wander Focused-Wandering Focus Focused-Wandering Wander Focused-Wandering Focus Wandering-Focused Wander Wandering-Focused Focus Wandering-Focused,1,0.586696521181257,NaN,0.709315501002705,NaN,-0.308186690610112,NaN,0.512260593521898,NaN,-0.985082472406555,NaN,0.458215530894665,NaN,NaN,-0.756143257001118,NaN,0.913677697086018,NaN,-0.490597780979334,NaN,0.122313207150429,NaN,-0.836483541037009,NaN,0.869338970081971
A00051539,Wander Focused-Wandering Focus Focused-Wandering Wander Focused-Wandering Focus Wandering-Focused Wander Wandering-Focused Focus Wandering-Focused Wander Focused-Wandering Focus Focused-Wandering Wander Focused-Wandering Focus Wandering-Focused Wander Wandering-Focused Focus Wandering-Focused,1,0.3526234128499,NaN,0.909749320124344,NaN,0.790061994045596,NaN,0.894287253744015,NaN,0.42378920154485,NaN,-0.877586803210883,NaN,NaN,-0.70722842098764,NaN,0.94453319212455,NaN,-0.6441333009143,NaN,0.789795573368556,NaN,0.926724870987957,NaN,-0.147638132569321
A00051548,Wander Wandering-Focused Focus Wandering-Focused Wander Wandering-Focused Focus Focused-Wandering Wander Focused-Wandering Focus Focused-Wandering Wander Wandering-Focused Focus Wandering-Focused Wander Wandering-Focused Focus Focused-Wandering Wander Focused-Wandering Focus Focused-Wandering,2,-0.379812254897655,NaN,0.520582674381811,NaN,0.927788141360074,NaN,0.041671034673077,NaN,0.325411154008691,NaN,-0.672494236892413,NaN,NaN,-0.590997115451463,NaN,0.944054284381482,NaN,0.658033641545787,NaN,-0.473102183615978,NaN,-0.0806757167618916,NaN,0.579857557823423
A00051676,Focus Wandering-Focused Wander Wandering-Focused Focus Wandering-Focused Wander Focused-Wandering Focus Focused-Wandering Wander Focused-Wandering Focus Wandering-Focused Wander Wandering-Focused Focus Wandering-Focused Wander Focused-Wandering Focus Focused-Wandering Wander Focused-Wandering,4,NaN,-0.800291787584723,NaN,-0.248093051122,NaN,-0.921519818764905,NaN,0.812074090156859,NaN,0.0342992461400056,NaN,-0.241660896515504,-0.889576016890536,NaN,0.951976076289812,NaN,0.679292029187151,NaN,0.903913612116584,NaN,-0.674361501543151,NaN,0.828476684524846,NaN
A00051927,Wander Wandering-Focused Focus Wandering-Focused Wander Wandering-Focused Focus Focused-Wandering Wander Focused-Wandering Focus Focused-Wandering Wander Wandering-Focused Focus Wandering-Focused Wander Wandering-Focused Focus Focused-Wandering Wander Focused-Wandering Focus Focused-Wandering,2,0.821311077727276,NaN,0.8093589861311,NaN,0.960952924179482,NaN,0.87199720326168,NaN,0.985420136120918,NaN,0.607828363491032,NaN,NaN,-0.946726620149887,NaN,-0.928326427905156,NaN,0.51442749344526,NaN,0.882114792550567,NaN,0.970708737323121,NaN,0.929908155316832
A00052125,Focus Wandering-Focused Wander Wandering-Focused Focus Wandering-Focused Wander Focused-Wandering Focus Focused-Wandering Wander Focused-Wandering Focus Wandering-Focused Wander Wandering-Focused Focus Wandering-Focused Wander Focused-Wandering Focus Focused-Wandering Wander Focused-Wandering,4,NaN,-0.560674112773663,NaN,0.974362613137511,NaN,0.573817949381645,NaN,-0.146600166031259,NaN,0.887374254175428,NaN,0.965834241188424,0.728244718215627,NaN,0.967038808795033,NaN,0.895746080074915,NaN,0.778711078172793,NaN,0.617727494597664,NaN,0.721376862992828,NaN
A00053455,Wander Focused-Wandering Focus Focused-Wandering Wander Focused-Wandering Focus Wandering-Focused Wander Wandering-Focused Focus Wandering-Focused Wander Focused-Wandering Focus Focused-Wandering Wander Focused-Wandering Focus Wandering-Focused Wander Wandering-Focused Focus Wandering-Focused,1,-0.921334975654285,NaN,-0.973129258481736,NaN,0.275152022715993,NaN,-0.772230380768402,NaN,0.914680940052008,NaN,-0.203128477670206,NaN,NaN,0.194580144266937,NaN,-0.713884101772808,NaN,0.680170639143893,NaN,0.818895694549118,NaN,0.873547818938704,NaN,0.236043990925577
A00053473,Wander Wandering-Focused Focus Wandering-Focused Wander Wandering-Focused Focus Focused-Wandering Wander Focused-Wandering Focus Focused-Wandering Wander Wandering-Focused Focus Wandering-Focused Wander Wandering-Focused Focus Focused-Wandering Wander Focused-Wandering Focus Focused-Wandering,2,0.710308855815726,NaN,0.93706944111433,NaN,-0.776342729846886,NaN,0.168032193751727,NaN,-0.228913113915941,NaN,-0.315060903826821,NaN,NaN,-0.80452578556287,NaN,0.938622169385873,NaN,0.101473428233742,NaN,0.239274322080604,NaN,-0.39462365835541,NaN,-0.894892793181053
A00053851,Wander Wandering-Focused Focus Wandering-Focused Wander Wandering-Focused Focus Focused-Wandering Wander Focused-Wandering Focus Focused-Wandering Wander Wandering-Focused Focus Wandering-Focused Wander Wandering-Focused Focus Focused-Wandering Wander Focused-Wandering Focus Focused-Wandering,2,-0.884149851193134,NaN,0.227540459938457,NaN,0.856679717441753,NaN,0.700270448539653,NaN,0.934331363049819,NaN,0.670508775739459,NaN,NaN,-0.620080591331439,NaN,0.303822900763312,NaN,0.753449077681444,NaN,0.7028444127384,NaN,0.923502502673986,NaN,0.887531265653224
A00053902,Focus Wandering-Focused Wander Wandering-Focused Focus Wandering-Focused Wander Focused-Wandering Focus Focused-Wandering Wander Focused-Wandering Focus Wandering-Focused Wander Wandering-Focused Focus Wandering-Focused Wander Focused-Wandering Focus Focused-Wandering Wander Focused-Wandering,4,NaN,-0.940145738413711,NaN,0.796094015676366,NaN,-0.538861191789584,NaN,-0.759734718541996,NaN,0.917559603742259,NaN,-0.686439682614897,-0.616130768186873,NaN,0.643252631171234,NaN,0.883985294039212,NaN,0.930510128384163,NaN,-0.854805707775604,NaN,0.949727502149002,NaN
A00054019,Wander Focused-Wandering Focus Focused-Wandering Wander Focused-Wandering Focus Wandering-Focused Wander Wandering-Focused Focus Wandering-Focused Wander Focused-Wandering Focus Focused-Wandering Wander Focused-Wandering Focus Wandering-Focused Wander Wandering-Focused Focus Wandering-Focused,1,0.817608929879008,NaN,0.892832518047761,NaN,-0.0335270814080233,NaN,0.933808017482455,NaN,0.962747516896928,NaN,0.826095813010099,NaN,NaN,0.775571530234759,NaN,0.945220256310029,NaN,0.867182897434779,NaN,-0.748869505067482,NaN,0.271350498721269,NaN,0.971051616933476
A00054441,Focus Focused-Wandering Wander Focused-Wandering Focus Focused-Wandering Wander Wandering-Focused Focus Wandering-Focused Wander Wandering-Focused Focus Focused-Wandering Wander Focused-Wandering Focus Focused-Wandering Wander Wandering-Focused Focus Wandering-Focused Wander Wandering-Focused,3,NaN,0.779494740336188,NaN,-0.233687050612794,NaN,0.962587391189183,NaN,0.75939896831662,NaN,-0.88379451320943,NaN,-0.962719685089657,0.923346019067157,NaN,-0.641651672962063,NaN,-0.514559013236793,NaN,0.115548802753718,NaN,0.98902073746733,NaN,0.979121244406143,NaN
A00054504,Focus Wandering-Focused Wander Wandering-Focused Focus Wandering-Focused Wander Focused-Wandering Focus Focused-Wandering Wander Focused-Wandering Focus Wandering-Focused Wander Wandering-Focused Focus Wandering-Focused Wander Focused-Wandering Focus Focused-Wandering Wander Focused-Wandering,4,NaN,0.680970120327941,NaN,0.874703143115847,NaN,0.964631448357215,NaN,0.730648134262083,NaN,0.949904606308723,NaN,0.949051058047182,0.801266514522825,NaN,-0.0838542700072125,NaN,0.949586194045612,NaN,-0.619780819200409,NaN,0.930128720753855,NaN,0.282725245172605,NaN
A00054857,Wander Wandering-Focused Focus Wandering-Focused Wander Wandering-Focused Focus Focused-Wandering Wander Focused-Wandering Focus Focused-Wandering Wander Wandering-Focused Focus Wandering-Focused Wander Wandering-Focused Focus Focused-Wandering Wander Focused-Wandering Focus Focused-Wandering,2,-0.794404901480176,NaN,0.775194100293563,NaN,-0.691420940121506,NaN,0.68960177391173,NaN,0.0481978392500669,NaN,-0.581135592354205,NaN,NaN,0.836790444293682,NaN,0.951826758644882,NaN,-0.702172988368231,NaN,-0.101490693278104,NaN,0.553441333647798,NaN,0.942648875903445
A00054914,Focus Wandering-Focused Wander Wandering-Focused Focus Wandering-Focused Wander Focused-Wandering Focus Focused-Wandering Wander Focused-Wandering Focus Wandering-Focused Wander Wandering-Focused Focus Wandering-Focused Wander Focused-Wandering Focus Focused-Wandering Wander Focused-Wandering,4,NaN,-0.749203653611566,NaN,0.755628082332349,NaN,0.827503591817904,NaN,-0.915914537259476,NaN,0.864089236999849,NaN,-0.977201060464245,-0.130939016896938,NaN,-0.889228089425192,NaN,0.59962239195433,NaN,0.317615007481121,NaN,0.904737093596958,NaN,0.837891327611589,NaN
A00055121,Wander Wandering-Focused Focus Wandering-Focused Wander Wandering-Focused Focus Focused-Wandering Wander Focused-Wandering Focus Focused-Wandering Wander Wandering-Focused Focus Wandering-Focused Wander Wandering-Focused Focus Focused-Wandering Wander Focused-Wandering Focus Focused-Wandering,2,-0.688757732989445,NaN,-0.943639351552318,NaN,0.974828026050008,NaN,0.502535684934058,NaN,0.985120062329425,NaN,0.954414025578491,NaN,NaN,-0.168069298485659,NaN,0.874998520657368,NaN,-0.139461133342682,NaN,0.945743229136205,NaN,0.530680197624067,NaN,0.924056441103576
A00055373,Focus Wandering-Focused Wander Wandering-Focused Focus Wandering-Focused Wander Focused-Wandering Focus Focused-Wandering Wander Focused-Wandering Focus Wandering-Focused Wander Wandering-Focused Focus Wandering-Focused Wander Focused-Wandering Focus Focused-Wandering Wander Focused-Wandering,4,NaN,0.900722119042743,NaN,0.895778218304849,NaN,0.9145290782556,NaN,0.747189460824988,NaN,0.701202911811557,NaN,0.885433880199253,-0.370443244204938,NaN,0.242544780765848,NaN,-0.867874213072381,NaN,0.0958585182542012,NaN,0.921758863420894,NaN,0.917444169609531,NaN
A00055447,Wander Wandering-Focused Focus Wandering-Focused Wander Wandering-Focused Focus Focused-Wandering Wander Focused-Wandering Focus Focused-Wandering Wander Wandering-Focused Focus Wandering-Focused Wander Wandering-Focused Focus Focused-Wandering Wander Focused-Wandering Focus Focused-Wandering,2,-0.851256829256262,NaN,0.844609084933967,NaN,0.0212010550001361,NaN,-0.733013818900665,NaN,0.853386177520552,NaN,0.073798297541179,NaN,NaN,0.687423420394567,NaN,-0.147973216008194,NaN,0.913464950826553,NaN,0.734467517709359,NaN,0.46645328237541,NaN,0.97162854413446
A00055542,Focus Wandering-Focused Wander Wandering-Focused Focus Wandering-Focused Wander Focused-Wandering Focus Focused-Wandering Wander Focused-Wandering Focus Wandering-Focused Wander Wandering-Focused Focus Wandering-Focused Wander Focused-Wandering Focus Focused-Wandering Wander Focused-Wandering,4,NaN,-0.0409387944604678,NaN,0.968457630006441,NaN,0.14876834955439,NaN,0.724529012852113,NaN,-0.351504816377047,NaN,-0.940927396630771,0.882576784060075,NaN,-0.968147920562262,NaN,0.899192758029866,NaN,0.420589612482793,NaN,0.995152481654805,NaN,0.463568094275929,NaN
A00055763,Wander Focused-Wandering Focus Focused-Wandering Wander Focused-Wandering Focus Wandering-Focused Wander Wandering-Focused Focus Wandering-Focused Wander Focused-Wandering Focus Focused-Wandering Wander Focused-Wandering Focus Wandering-Focused Wander Wandering-Focused Focus Wandering-Focused,1,-0.717595026774069,NaN,0.72397779432005,NaN,0.959030572477215,NaN,0.907399573843403,NaN,0.858022746624402,NaN,-0.972275992389539,NaN,NaN,0.649409946718171,NaN,0.885297851074138,NaN,0.629088594092812,NaN,0.92299081902534,NaN,-0.211205079311029,NaN,-0.265950374419905
A00056097,Wander Wandering-Focused Focus Wandering-Focused Wander Wandering-Focused Focus Focused-Wandering Wander Focused-Wandering Focus Focused-Wandering Wander Wandering-Focused Focus Wandering-Focused Wander Wandering-Focused Focus Focused-Wandering Wander Focused-Wandering Focus Focused-Wandering,2,0.723544053945804,NaN,0.163638791042922,NaN,-0.93141965745633,NaN,0.675003975185899,NaN,0.922490914377503,NaN,-0.459603463363318,NaN,NaN,0.188000436485095,NaN,0.965917587765401,NaN,0.422404400195024,NaN,0.16163863550613,NaN,0.813790482273045,NaN,0.862373613215748
A00056306,Wander Wandering-Focused Focus Wandering-Focused Wander Wandering-Focused Focus Focused-Wandering Wander Focused-Wandering Focus Focused-Wandering Wander Wandering-Focused Focus Wandering-Focused Wander Wandering-Focused Focus Focused-Wandering Wander Focused-Wandering Focus Focused-Wandering,2,-0.847364772912849,NaN,0.700010507897244,NaN,0.15628914207903,NaN,0.95350796345413,NaN,0.865568389040224,NaN,0.769806774588649,NaN,NaN,0.1289586564434,NaN,-0.653618165283697,NaN,0.932333167445385,NaN,-0.75320557061346,NaN,-0.103245286391211,NaN,0.978287942354511
A00056556,Wander Wandering-Focused Focus Wandering-Focused Wander Wandering-Focused Focus Focused-Wandering Wander Focused-Wandering Focus Focused-Wandering Wander Wandering-Focused Focus Wandering-Focused Wander Wandering-Focused Focus Focused-Wandering Wander Focused-Wandering Focus Focused-Wandering,2,0.89402960794246,NaN,0.849450689066383,NaN,0.97806437174221,NaN,-0.658593252189916,NaN,0.272466255346401,NaN,0.730515875080927,NaN,NaN,-0.85851497213126,NaN,-0.119566237351948,NaN,0.0738287058170498,NaN,-0.828344462058056,NaN,-0.744779656244186,NaN,0.643161699618292
A00056627,Wander Focused-Wandering Focus Focused-Wandering Wander Focused-Wandering Focus Wandering-Focused Wander Wandering-Focused Focus Wandering-Focused Wander Focused-Wandering Focus Focused-Wandering Wander Focused-Wandering Focus Wandering-Focused Wander Wandering-Focused Focus Wandering-Focused,1,-0.626910007976326,NaN,0.982196475101134,NaN,0.54696930213262,NaN,0.89116203265301,NaN,0.971525532330725,NaN,0.360773473540474,NaN,NaN,0.631039719319076,NaN,0.691631249255936,NaN,0.698539951641237,NaN,0.883496020811428,NaN,-0.0990701246543982,NaN,0.980524737631249
A00056949,Wander Focused-Wandering Focus Focused-Wandering Wander Focused-Wandering Focus Wandering-Focused Wander Wandering-Focused Focus Wandering-Focused Wander Focused-Wandering Focus Focused-Wandering Wander Focused-Wandering Focus Wandering-Focused Wander Wandering-Focused Focus Wandering-Focused,1,0.649370638658943,NaN,-0.019251927066337,NaN,0.734003659262726,NaN,0.972899245294702,NaN,0.771068700907709,NaN,0.939723085533258,NaN,NaN,-0.775066576487928,NaN,0.92711334662627,NaN,0.198643866563084,NaN,0.863420644652326,NaN,0.908637780705729,NaN,-0.895473560866819
A00057005,Wander Focused-Wandering Focus Focused-Wandering Wander Focused-Wandering Focus Wandering-Focused Wander Wandering-Focused Focus Wandering-Focused Wander Focused-Wandering Focus Focused-Wandering Wander Focused-Wandering Focus Wandering-Focused Wander Wandering-Focused Focus Wandering-Focused,1,-0.489345455701187,NaN,-0.611440924841525,NaN,-0.167836559957552,NaN,0.553454246959,NaN,0.563058543231226,NaN,-0.821361670497039,NaN,NaN,-0.940841818642599,NaN,0.909145839363631,NaN,-0.010816407367337,NaN,-0.376525987133723,NaN,0.470617923729149,NaN,-0.909015143676129
A00057035,Wander Focused-Wandering Focus Focused-Wandering Wander Focused-Wandering Focus Wandering-Focused Wander Wandering-Focused Focus Wandering-Focused Wander Focused-Wandering Focus Focused-Wandering Wander Focused-Wandering Focus Wandering-Focused Wander Wandering-Focused Focus Wandering-Focused,1,-0.744867989221031,NaN,0.816674334481438,NaN,0.763142854407043,NaN,0.623066126224036,NaN,0.930876661744907,NaN,0.895751374485176,NaN,NaN,0.57444747673874,NaN,0.954778458181655,NaN,0.84266581854236,NaN,0.538527592799012,NaN,0.917110983890468,NaN,0.841602063157171
A00057182,Wander Wandering-Focused Focus Wandering-Focused Wander Wandering-Focused Focus Focused-Wandering Wander Focused-Wandering Focus Focused-Wandering Wander Wandering-Focused Focus Wandering-Focused Wander Wandering-Focused Focus Focused-Wandering Wander Focused-Wandering Focus Focused-Wandering,2,0.185512929714577,NaN,0.978711052854849,NaN,-0.0310952908335382,NaN,0.830918552270184,NaN,0.983747822945086,NaN,-0.968275974574375,NaN,NaN,0.674209797510458,NaN,0.992714676116308,NaN,0.796507839110827,NaN,0.932439212896094,NaN,0.970900913557548,NaN,0.957327663000033
A00057235,Wander Focused-Wandering Focus Focused-Wandering Wander Focused-Wandering Focus Wandering-Focused Wander Wandering-Focused Focus Wandering-Focused Wander Focused-Wandering Focus Focused-Wandering Wander Focused-Wandering Focus Wandering-Focused Wander Wandering-Focused Focus Wandering-Focused,1,-0.89343412283659,NaN,0.973045513198092,NaN,0.911028894949893,NaN,0.916701512969313,NaN,0.968636407839424,NaN,-0.0595272972818504,NaN,NaN,0.562316390121629,NaN,-0.856773241307822,NaN,0.231826510470304,NaN,-0.011817701073474,NaN,0.926349430321586,NaN,0.984221280844709
A00057372,Focus Wandering-Focused Wander Wandering-Focused Focus Wandering-Focused Wander Focused-Wandering Focus Focused-Wandering Wander Focused-Wandering Focus Wandering-Focused Wander Wandering-Focused Focus Wandering-Focused Wander Focused-Wandering Focus Focused-Wandering Wander Focused-Wandering,4,NaN,-0.604207726418878,NaN,-0.987814770985089,NaN,-0.689255566258015,NaN,-0.762858913862553,NaN,0.153114950417439,NaN,-0.299235067280105,-0.662402409122239,NaN,-0.47963500550558,NaN,0.358620532508146,NaN,0.584285189379598,NaN,0.369450019340943,NaN,0.11607175095677,NaN
A00057444,Wander Wandering-Focused Focus Wandering-Focused Wander Wandering-Focused Focus Focused-Wandering Wander Focused-Wandering Focus Focused-Wandering Wander Wandering-Focused Focus Wandering-Focused Wander Wandering-Focused Focus Focused-Wandering Wander Focused-Wandering Focus Focused-Wandering,2,0.327882963168226,NaN,0.318968247979885,NaN,0.679417555913441,NaN,0.859638116182534,NaN,0.981141207942078,NaN,0.148277951901745,NaN,NaN,-0.45313479970807,NaN,0.580818775553998,NaN,0.924056941608622,NaN,0.59018765869434,NaN,0.155137633594717,NaN,-0.13711948831045
A00057786,Focus Wandering-Focused Wander Wandering-Focused Focus Wandering-Focused Wander Focused-Wandering Focus Focused-Wandering Wander Focused-Wandering Focus Wandering-Focused Wander Wandering-Focused Focus Wandering-Focused Wander Focused-Wandering Focus Focused-Wandering Wander Focused-Wandering,4,NaN,0.0708075077225914,NaN,0.963958915158045,NaN,-0.697383104371725,NaN,0.855405717869891,NaN,0.947081849409646,NaN,0.958081394913472,0.679573896055762,NaN,-0.671673009068315,NaN,-0.292897095682354,NaN,0.821455050919833,NaN,0.94958636870248,NaN,-0.315842086564618,NaN
A00057808,Wander Wandering-Focused Focus Wandering-Focused Wander Wandering-Focused Focus Focused-Wandering Wander Focused-Wandering Focus Focused-Wandering Wander Wandering-Focused Focus Wandering-Focused Wander Wandering-Focused Focus Focused-Wandering Wander Focused-Wandering Focus Focused-Wandering,2,0.547643160293991,NaN,0.764246607938317,NaN,0.549321154136139,NaN,0.932901628256234,NaN,0.967923740889818,NaN,-0.693406814754776,NaN,NaN,0.638098396320317,NaN,0.979236171641137,NaN,-0.978854947451783,NaN,0.409798587807437,NaN,0.935505451000837,NaN,-0.456269227790521
A00057965,Focus Focused-Wandering Wander Focused-Wandering Focus Focused-Wandering Wander Wandering-Focused Focus Wandering-Focused Wander Wandering-Focused Focus Focused-Wandering Wander Focused-Wandering Focus Focused-Wandering Wander Wandering-Focused Focus Wandering-Focused Wander Wandering-Focused,3,NaN,-0.672270412976712,NaN,-0.969348405669262,NaN,-0.736211868655229,NaN,-0.371921109861078,NaN,0.234060720627816,NaN,-0.72538195859282,0.589999456227247,NaN,0.862973898877625,NaN,0.655360259368677,NaN,-0.842737755059129,NaN,-0.804922983856466,NaN,0.170624709548204,NaN
A00058214,Focus Wandering-Focused Wander Wandering-Focused Focus Wandering-Focused Wander Focused-Wandering Focus Focused-Wandering Wander Focused-Wandering Focus Wandering-Focused Wander Wandering-Focused Focus Wandering-Focused Wander Focused-Wandering Focus Focused-Wandering Wander Focused-Wandering,4,NaN,-0.505779935687703,NaN,-0.84985626699509,NaN,0.829511939291505,NaN,0.877391295593276,NaN,0.802662834340216,NaN,0.980153524957467,-0.373387998367895,NaN,-0.618022745255681,NaN,-0.98203435303017,NaN,-0.478167336373061,NaN,0.605889180253726,NaN,-0.73708302859013,NaN
A00058552,Focus Wandering-Focused Wander Wandering-Focused Focus Wandering-Focused Wander Focused-Wandering Focus Focused-Wandering Wander Focused-Wandering Focus Wandering-Focused Wander Wandering-Focused Focus Wandering-Focused Wander Focused-Wandering Focus Focused-Wandering Wander Focused-Wandering,4,NaN,0.885095805602383,NaN,0.939849167509472,NaN,-0.614206018902049,NaN,0.245331445159183,NaN,-0.0663462819539251,NaN,0.486433422979242,0.397582127726703,NaN,-0.838379883038871,NaN,0.849176763019335,NaN,0.724221192284117,NaN,0.981840874075674,NaN,0.917072044248094,NaN
A00058952,Focus Wandering-Focused Wander Wandering-Focused Focus Wandering-Focused Wander Focused-Wandering Focus Focused-Wandering Wander Focused-Wandering Focus Wandering-Focused Wander Wandering-Focused Focus Wandering-Focused Wander Focused-Wandering Focus Focused-Wandering Wander Focused-Wandering,4,NaN,0.490772147166755,NaN,0.960811677430657,NaN,0.411979156878676,NaN,0.556554169607038,NaN,-0.29361205059306,NaN,0.62457214813942,0.630107521431404,NaN,0.475046308749991,NaN,0.404115081264735,NaN,0.156347828740754,NaN,0.858017315898543,NaN,-0.416806770980766,NaN
A00058999,Focus Focused-Wandering Wander Focused-Wandering Focus Focused-Wandering Wander Wandering-Focused Focus Wandering-Focused Wander Wandering-Focused Focus Focused-Wandering Wander Focused-Wandering Focus Focused-Wandering Wander Wandering-Focused Focus Wandering-Focused Wander Wandering-Focused,3,NaN,0.663708424207086,NaN,-0.701951573081771,NaN,-0.19307691466908,NaN,0.0088966589299522,NaN,0.945708934043454,NaN,0.142155231338546,-0.356006230210752,NaN,-0.903276110128834,NaN,-0.100044900124869,NaN,0.663744497683798,NaN,0.952330713349559,NaN,-0.337213309745028,NaN
A00059344,Wander Focused-Wandering Focus Focused-Wandering Wander Focused-Wandering Focus Wandering-Focused Wander Wandering-Focused Focus Wandering-Focused Wander Focused-Wandering Focus Focused-Wandering Wander Focused-Wandering Focus Wandering-Focused Wander Wandering-Focused Focus Wandering-Focused,1,-0.239914895145814,NaN,-0.887024568634976,NaN,0.885519907393375,NaN,0.798644683045435,NaN,0.972203869006422,NaN,0.873732043031318,NaN,NaN,-0.896868466004291,NaN,-0.73826139656891,NaN,-0.923489532144599,NaN,-0.0624230639673527,NaN,-0.574200853708434,NaN,0.896068688851751
A00059346,Wander Focused-Wandering Focus Focused-Wandering Wander Focused-Wandering Focus Wandering-Focused Wander Wandering-Focused Focus Wandering-Focused Wander Focused-Wandering Focus Focused-Wandering Wander Focused-Wandering Focus Wandering-Focused Wander Wandering-Focused Focus Wandering-Focused,1,-0.769183861666232,NaN,0.709342233361986,NaN,-0.899268572814229,NaN,-0.932010307179163,NaN,-0.987408039699524,NaN,-0.691932035160314,NaN,NaN,-0.852691531112854,NaN,-0.367191758693922,NaN,-0.860519821871985,NaN,0.479844103151779,NaN,-0.71923521804342,NaN,0.485237286959344
A00059845,Wander Wandering-Focused Focus Wandering-Focused Wander Wandering-Focused Focus Focused-Wandering Wander Focused-Wandering Focus Focused-Wandering Wander Wandering-Focused Focus Wandering-Focused Wander Wandering-Focused Focus Focused-Wandering Wander Focused-Wandering Focus Focused-Wandering,2,-0.975043669588439,NaN,0.702691342235385,NaN,-0.899368616406143,NaN,-0.613534666544635,NaN,-0.493534217589624,NaN,-0.796900334999753,NaN,NaN,-0.7996651825643,NaN,-0.00780059466589767,NaN,-0.434940741792424,NaN,-0.641679495282303,NaN,0.0331055224865286,NaN,0.363701455721733
A00059911,Focus Focused-Wandering Wander Focused-Wandering Focus Focused-Wandering Wander Wandering-Focused Focus Wandering-Focused Wander Wandering-Focused Focus Focused-Wandering Wander Focused-Wandering Focus Focused-Wandering Wander Wandering-Focused Focus Wandering-Focused Wander Wandering-Focused,3,NaN,-0.632782975256193,NaN,0.989767514483605,NaN,0.975691543381672,NaN,0.794942202308855,NaN,0.808627430852065,NaN,0.862816358601809,0.275075033964952,NaN,-0.519266003294572,NaN,0.759180823973571,NaN,-0.519385722637049,NaN,0.971086456590896,NaN,0.926459417906339,NaN
A00060006,Focus Focused-Wandering Wander Focused-Wandering Focus Focused-Wandering Wander Wandering-Focused Focus Wandering-Focused Wander Wandering-Focused Focus Focused-Wandering Wander Focused-Wandering Focus Focused-Wandering Wander Wandering-Focused Focus Wandering-Focused Wander Wandering-Focused,3,NaN,-0.0705192405207569,NaN,0.19743764653085,NaN,0.761877652127194,NaN,-0.926184201001126,NaN,0.779984608259458,NaN,0.421205109350325,0.938708600077204,NaN,-0.802941018547056,NaN,-0.973839020898883,NaN,0.313399601339923,NaN,0.501922861246771,NaN,-0.221084451676727,NaN
A00060093,Focus Focused-Wandering Wander Focused-Wandering Focus Focused-Wandering Wander Wandering-Focused Focus Wandering-Focused Wander Wandering-Focused Focus Focused-Wandering Wander Focused-Wandering Focus Focused-Wandering Wander Wandering-Focused Focus Wandering-Focused Wander Wandering-Focused,3,NaN,0.79162488110253,NaN,-0.814375698084859,NaN,0.477640490083551,NaN,0.592291840415965,NaN,-0.682209391906103,NaN,-0.967303804903572,-0.832675620124917,NaN,0.952223794259953,NaN,0.244615387019452,NaN,0.953522473240891,NaN,0.918369384656545,NaN,0.804404059838155,NaN
A00060169,Focus Wandering-Focused Wander Wandering-Focused Focus Wandering-Focused Wander Focused-Wandering Focus Focused-Wandering Wander Focused-Wandering Focus Wandering-Focused Wander Wandering-Focused Focus Wandering-Focused Wander Focused-Wandering Focus Focused-Wandering Wander Focused-Wandering,4,NaN,-0.530189043357807,NaN,0.563557706885107,NaN,0.697857234727573,NaN,-0.647916949040742,NaN,0.869989153253485,NaN,0.976529049558927,-0.382983123687098,NaN,-0.877541811300686,NaN,-0.621481475197895,NaN,0.862265141286292,NaN,0.778805448933571,NaN,0.741809671924753,NaN
A00060259,Focus Wandering-Focused Wander Wandering-Focused Focus Wandering-Focused Wander Focused-Wandering Focus Focused-Wandering Wander Focused-Wandering Focus Wandering-Focused Wander Wandering-Focused Focus Wandering-Focused Wander Focused-Wandering Focus Focused-Wandering Wander Focused-Wandering,4,NaN,-0.923610513621816,NaN,0.386240434130959,NaN,0.0867615923288153,NaN,0.678080962670416,NaN,0.859187653310702,NaN,0.65434111172251,-0.672686133965866,NaN,0.944811761879223,NaN,0.832018660112397,NaN,-0.0555247590778456,NaN,0.876158127900558,NaN,-0.340136409415824,NaN
A00060279,Wander Wandering-Focused Focus Wandering-Focused Wander Wandering-Focused Focus Focused-Wandering Wander Focused-Wandering Focus Focused-Wandering Wander Wandering-Focused Focus Wandering-Focused Wander Wandering-Focused Focus Focused-Wandering Wander Focused-Wandering Focus Focused-Wandering,2,-0.779706739235817,NaN,-0.938068367937004,NaN,-0.464384187178819,NaN,-0.697683963754632,NaN,-0.912692294229247,NaN,-0.314254273607869,NaN,NaN,-0.548676336324149,NaN,-0.691082382957551,NaN,-0.348891921128806,NaN,-0.87954734959461,NaN,-0.946772446307792,NaN,-0.895680281345898
A00060372,Focus Focused-Wandering Wander Focused-Wandering Focus Focused-Wandering Wander Wandering-Focused Focus Wandering-Focused Wander Wandering-Focused Focus Focused-Wandering Wander Focused-Wandering Focus Focused-Wandering Wander Wandering-Focused Focus Wandering-Focused Wander Wandering-Focused,3,NaN,0.581785446030913,NaN,0.964517519322336,NaN,-0.453404569292986,NaN,0.955475166953456,NaN,0.903549118812602,NaN,0.239457922490169,-0.172161130884589,NaN,-0.796137510986761,NaN,-0.147266151973462,NaN,0.635665071785056,NaN,0.807532530950371,NaN,0.158268273447321,NaN
A00060407,Wander Focused-Wandering Focus Focused-Wandering Wander Focused-Wandering Focus Wandering-Focused Wander Wandering-Focused Focus Wandering-Focused Wander Focused-Wandering Focus Focused-Wandering Wander Focused-Wandering Focus Wandering-Focused Wander Wandering-Focused Focus Wandering-Focused,1,0.416612152013741,NaN,-0.200299294041714,NaN,-0.628144252772329,NaN,0.203595705517557,NaN,-0.914279358912413,NaN,0.684903414128553,NaN,NaN,-0.229038173250577,NaN,-0.909154241053569,NaN,-0.898101672954277,NaN,-0.66273917271794,NaN,0.600501663200108,NaN,-0.714448437815541
A00060430,Wander Wandering-Focused Focus Wandering-Focused Wander Wandering-Focused Focus Focused-Wandering Wander Focused-Wandering Focus Focused-Wandering Wander Wandering-Focused Focus Wandering-Focused Wander Wandering-Focused Focus Focused-Wandering Wander Focused-Wandering Focus Focused-Wandering,2,-0.927220315704329,NaN,0.97221594571582,NaN,-0.467680487718163,NaN,0.956445083418831,NaN,0.989069917770956,NaN,0.46644139584121,NaN,NaN,-0.678371889688501,NaN,0.878418195849889,NaN,0.995960911151471,NaN,0.964570126862156,NaN,0.979881692432944,NaN,0.311173575684596
A00060471,Focus Focused-Wandering Wander Focused-Wandering Focus Focused-Wandering Wander Wandering-Focused Focus Wandering-Focused Wander Wandering-Focused Focus Focused-Wandering Wander Focused-Wandering Focus Focused-Wandering Wander Wandering-Focused Focus Wandering-Focused Wander Wandering-Focused,3,NaN,-0.761191221901941,NaN,0.765222603525738,NaN,-0.792198081699765,NaN,0.471037565678748,NaN,-0.0263886875113641,NaN,-0.979204083052545,0.942408684277432,NaN,0.781344033355443,NaN,0.251990432765165,NaN,0.877636834505326,NaN,0.821428169178793,NaN,-0.492424564243433,NaN
A00060480,Wander Focused-Wandering Focus Focused-Wandering Wander Focused-Wandering Focus Wandering-Focused Wander Wandering-Focused Focus Wandering-Focused Wander Focused-Wandering Focus Focused-Wandering Wander Focused-Wandering Focus Wandering-Focused Wander Wandering-Focused Focus Wandering-Focused,1,0.683003932764122,NaN,0.218794529034067,NaN,0.434197382320689,NaN,0.573286292905433,NaN,0.995979573100058,NaN,0.858795742554852,NaN,NaN,0.241091318057857,NaN,-0.287430986758393,NaN,0.00601681136535501,NaN,0.437077082377126,NaN,-0.920234775407703,NaN,0.939580110539517
A00060516,Focus Focused-Wandering Wander Focused-Wandering Focus Focused-Wandering Wander Wandering-Focused Focus Wandering-Focused Wander Wandering-Focused Focus Focused-Wandering Wander Focused-Wandering Focus Focused-Wandering Wander Wandering-Focused Focus Wandering-Focused Wander Wandering-Focused,3,NaN,0.745248425740462,NaN,0.446158911211238,NaN,0.295955333457552,NaN,0.655359731853613,NaN,0.258697140512995,NaN,0.665604255175334,-0.951265924341547,NaN,0.966171699123038,NaN,0.704203340641205,NaN,-0.786887841781427,NaN,0.983402946436173,NaN,-0.907429155244058,NaN
A00060582,Wander Focused-Wandering Focus Focused-Wandering Wander Focused-Wandering Focus Wandering-Focused Wander Wandering-Focused Focus Wandering-Focused Wander Focused-Wandering Focus Focused-Wandering Wander Focused-Wandering Focus Wandering-Focused Wander Wandering-Focused Focus Wandering-Focused,1,0.428235949108152,NaN,0.635399324718988,NaN,0.848165499717561,NaN,-0.893962004999174,NaN,0.733160166994467,NaN,0.606858015482013,NaN,NaN,-0.968590412474526,NaN,-0.980259572814153,NaN,0.893055183161904,NaN,-0.925754417648028,NaN,-0.560545899919131,NaN,0.979202319164361
A00060632,Focus Wandering-Focused Wander Wandering-Focused Focus Wandering-Focused Wander Focused-Wandering Focus Focused-Wandering Wander Focused-Wandering Focus Wandering-Focused Wander Wandering-Focused Focus Wandering-Focused Wander Focused-Wandering Focus Focused-Wandering Wander Focused-Wandering,4,NaN,-0.883589548776271,NaN,0.897645784595704,NaN,0.909447332410829,NaN,0.616928286462058,NaN,-0.980388620264625,NaN,-0.747154191082776,-0.739422911029343,NaN,0.807976467039963,NaN,-0.84554632497128,NaN,0.929965380150417,NaN,0.862314713724302,NaN,-0.825283048677236,NaN
A00060662,Wander Wandering-Focused Focus Wandering-Focused Wander Wandering-Focused Focus Focused-Wandering Wander Focused-Wandering Focus Focused-Wandering Wander Wandering-Focused Focus Wandering-Focused Wander Wandering-Focused Focus Focused-Wandering Wander Focused-Wandering Focus Focused-Wandering,2,0.928298751230917,NaN,0.682411262703628,NaN,0.803875961219816,NaN,0.187707260283981,NaN,0.440622403464634,NaN,0.658221416561671,NaN,NaN,0.911409346744455,NaN,0.295791910014998,NaN,0.848814856470317,NaN,0.20341831871056,NaN,0.953276453535777,NaN,0.862663006441541
A00060773,Wander Wandering-Focused Focus Wandering-Focused Wander Wandering-Focused Focus Focused-Wandering Wander Focused-Wandering Focus Focused-Wandering Wander Wandering-Focused Focus Wandering-Focused Wander Wandering-Focused Focus Focused-Wandering Wander Focused-Wandering Focus Focused-Wandering,2,0.968721933985017,NaN,-0.941536168216723,NaN,0.907999362290404,NaN,0.915505439161776,NaN,0.881969336307023,NaN,0.908283906324385,NaN,NaN,-0.961477156001575,NaN,0.722192309893338,NaN,0.966323313848146,NaN,-0.43353976889551,NaN,0.88434944174659,NaN,-0.932867471103831
A00060848,Focus Wandering-Focused Wander Wandering-Focused Focus Wandering-Focused Wander Focused-Wandering Focus Focused-Wandering Wander Focused-Wandering Focus Wandering-Focused Wander Wandering-Focused Focus Wandering-Focused Wander Focused-Wandering Focus Focused-Wandering Wander Focused-Wandering,4,NaN,0.582341607869331,NaN,0.917649295902479,NaN,0.947518885661812,NaN,-0.331519675217189,NaN,0.708220138178455,NaN,0.872178235741251,0.95862187049249,NaN,0.633269513491611,NaN,-0.313309129170801,NaN,-0.556607962942466,NaN,0.932798170659887,NaN,-0.760931848141507,NaN
A00060925,Wander Focused-Wandering Focus Focused-Wandering Wander Focused-Wandering Focus Wandering-Focused Wander Wandering-Focused Focus Wandering-Focused Wander Focused-Wandering Focus Focused-Wandering Wander Focused-Wandering Focus Wandering-Focused Wander Wandering-Focused Focus Wandering-Focused,1,0.832438796691827,NaN,0.980811525580311,NaN,-0.721606430863657,NaN,-0.473904886434222,NaN,-0.909316454821498,NaN,-0.71416547880857,NaN,NaN,0.48951790674774,NaN,0.493048339349121,NaN,0.265959638928088,NaN,0.963209769200695,NaN,0.947351436444778,NaN,0.931903812761423
A00061204,Wander Wandering-Focused Focus Wandering-Focused Wander Wandering-Focused Focus Focused-Wandering Wander Focused-Wandering Focus Focused-Wandering Wander Wandering-Focused Focus Wandering-Focused Wander Wandering-Focused Focus Focused-Wandering Wander Focused-Wandering Focus Focused-Wandering,2,0.355024337055642,NaN,-0.912396151225108,NaN,0.832658986438857,NaN,0.927341419602433,NaN,0.989049007329728,NaN,0.674014408056563,NaN,NaN,-0.0062858705358831,NaN,0.828660228720677,NaN,0.914493144016214,NaN,-0.678985102712381,NaN,-0.96275080539815,NaN,-0.966173183245115
A00061276,Wander Wandering-Focused Focus Wandering-Focused Wander Wandering-Focused Focus Focused-Wandering Wander Focused-Wandering Focus Focused-Wandering Wander Wandering-Focused Focus Wandering-Focused Wander Wandering-Focused Focus Focused-Wandering Wander Focused-Wandering Focus Focused-Wandering,2,0.0354805872315613,NaN,0.987528481115522,NaN,0.908250636570377,NaN,0.949015754411493,NaN,0.977266597806399,NaN,0.706273739634109,NaN,NaN,0.976310825801023,NaN,0.827770352527663,NaN,-0.926473793118771,NaN,0.982912515313001,NaN,0.714731770563673,NaN,0.852669029279438
A00061387,Wander Wandering-Focused Focus Wandering-Focused Wander Wandering-Focused Focus Focused-Wandering Wander Focused-Wandering Focus Focused-Wandering Wander Wandering-Focused Focus Wandering-Focused Wander Wandering-Focused Focus Focused-Wandering Wander Focused-Wandering Focus Focused-Wandering,2,-0.879172137728678,NaN,-0.301862954255395,NaN,0.161823622207491,NaN,-0.505205064279891,NaN,0.846113836417297,NaN,-0.833099973051765,NaN,NaN,-0.490104530578457,NaN,0.747505519453848,NaN,0.863316556263187,NaN,0.766662573400094,NaN,0.93155421666923,NaN,0.883564997638289
A00061711,Wander Wandering-Focused Focus Wandering-Focused Wander Wandering-Focused Focus Focused-Wandering Wander Focused-Wandering Focus Focused-Wandering Wander Wandering-Focused Focus Wandering-Focused Wander Wandering-Focused Focus Focused-Wandering Wander Focused-Wandering Focus Focused-Wandering,2,0.312185858120533,NaN,0.646044989885067,NaN,-0.815282508475512,NaN,0.904946389861553,NaN,0.994200476109356,NaN,0.285596480644831,NaN,NaN,0.872819333577519,NaN,-0.817813736406033,NaN,0.454186212669322,NaN,0.816736449975092,NaN,-0.403679298395396,NaN,0.989450421993816
A00061806,Wander Focused-Wandering Focus Focused-Wandering Wander Focused-Wandering Focus Wandering-Focused Wander Wandering-Focused Focus Wandering-Focused Wander Focused-Wandering Focus Focused-Wandering Wander Focused-Wandering Focus Wandering-Focused Wander Wandering-Focused Focus Wandering-Focused,1,-0.549750167758065,NaN,-0.458913868082204,NaN,0.922852472093465,NaN,-0.32781266600927,NaN,-0.249499378107863,NaN,0.778283819324503,NaN,NaN,-0.672361524709083,NaN,0.666694126222144,NaN,0.924417722381655,NaN,0.753765642685908,NaN,0.525391293502499,NaN,0.832941208957597
A00062210,Wander Wandering-Focused Focus Wandering-Focused Wander Wandering-Focused Focus Focused-Wandering Wander Focused-Wandering Focus Focused-Wandering Wander Wandering-Focused Focus Wandering-Focused Wander Wandering-Focused Focus Focused-Wandering Wander Focused-Wandering Focus Focused-Wandering,2,0.344051201222776,NaN,-0.677787015313517,NaN,-0.718721845280263,NaN,-0.933200202433472,NaN,-0.201999533838806,NaN,-0.882405090249178,NaN,NaN,-0.953328084283723,NaN,-0.97121048088714,NaN,-0.485524881200242,NaN,0.372425397901201,NaN,0.781514708407951,NaN,-0.524788311337755
A00062248,Wander Wandering-Focused Focus Wandering-Focused Wander Wandering-Focused Focus Focused-Wandering Wander Focused-Wandering Focus Focused-Wandering Wander Wandering-Focused Focus Wandering-Focused Wander Wandering-Focused Focus Focused-Wandering Wander Focused-Wandering Focus Focused-Wandering,2,0.500888751559678,NaN,0.916143900630136,NaN,0.589588114659693,NaN,0.0786176676883728,NaN,-0.449413338498235,NaN,-0.761379938991719,NaN,NaN,-0.10569270116675,NaN,-0.552805811404782,NaN,0.218614474455581,NaN,0.857465308163537,NaN,0.901623910278667,NaN,0.623924155024569
A00062266,Wander Wandering-Focused Focus Wandering-Focused Wander Wandering-Focused Focus Focused-Wandering Wander Focused-Wandering Focus Focused-Wandering Wander Wandering-Focused Focus Wandering-Focused Wander Wandering-Focused Focus Focused-Wandering Wander Focused-Wandering Focus Focused-Wandering,2,-0.684537390019419,NaN,-0.974097103843916,NaN,0.809709204936003,NaN,0.672706177369156,NaN,0.830081933977052,NaN,0.663946395477489,NaN,NaN,-0.980800145798116,NaN,0.885415909060432,NaN,0.612400237413197,NaN,-0.954036283316498,NaN,-0.867094612490027,NaN,0.985152328835347
A00062282,Wander Focused-Wandering Focus Focused-Wandering Wander Focused-Wandering Focus Wandering-Focused Wander Wandering-Focused Focus Wandering-Focused Wander Focused-Wandering Focus Focused-Wandering Wander Focused-Wandering Focus Wandering-Focused Wander Wandering-Focused Focus Wandering-Focused,1,0.442915112303662,NaN,-0.980145438949684,NaN,-0.910229224435491,NaN,-0.824633560135349,NaN,0.979187913900175,NaN,0.294767472193794,NaN,NaN,0.11958486704165,NaN,0.368339793257359,NaN,0.974871091278146,NaN,0.720873148616581,NaN,0.325543698023458,NaN,0.911448762230519
A00062288,Focus Wandering-Focused Wander Wandering-Focused Focus Wandering-Focused Wander Focused-Wandering Focus Focused-Wandering Wander Focused-Wandering Focus Wandering-Focused Wander Wandering-Focused Focus Wandering-Focused Wander Focused-Wandering Focus Focused-Wandering Wander Focused-Wandering,4,NaN,-0.771157811508034,NaN,0.856989645969579,NaN,0.381051410095698,NaN,-0.608235891228485,NaN,0.612268344565853,NaN,0.895615624677287,-0.511890561745969,NaN,0.282287448229495,NaN,0.492237591856339,NaN,0.433449347244485,NaN,-0.890275617137815,NaN,0.908640411048245,NaN
A00062351,Focus Focused-Wandering Wander Focused-Wandering Focus Focused-Wandering Wander Wandering-Focused Focus Wandering-Focused Wander Wandering-Focused Focus Focused-Wandering Wander Focused-Wandering Focus Focused-Wandering Wander Wandering-Focused Focus Wandering-Focused Wander Wandering-Focused,3,NaN,-0.494561018793776,NaN,-0.842862570176817,NaN,-0.957902473277353,NaN,-0.922207869752085,NaN,-0.713826333211253,NaN,-0.952186974243188,-0.839941450859189,NaN,0.84124055520574,NaN,0.771821057097394,NaN,0.757922824259949,NaN,0.763998584985871,NaN,0.835476021128632,NaN
A00062917,Wander Focused-Wandering Focus Focused-Wandering Wander Focused-Wandering Focus Wandering-Focused Wander Wandering-Focused Focus Wandering-Focused Wander Focused-Wandering Focus Focused-Wandering Wander Focused-Wandering Focus Wandering-Focused Wander Wandering-Focused Focus Wandering-Focused,1,0.671109963952178,NaN,0.150391766075494,NaN,0.0580609990820566,NaN,0.887875007679805,NaN,-0.977167211862301,NaN,-0.413438692665771,NaN,NaN,0.684806759908445,NaN,0.863221180121249,NaN,-0.775635367838669,NaN,0.932768676655793,NaN,0.0452871874860501,NaN,0.964574032708226
A00062942,Focus Focused-Wandering Wander Focused-Wandering Focus Focused-Wandering Wander Wandering-Focused Focus Wandering-Focused Wander Wandering-Focused Focus Focused-Wandering Wander Focused-Wandering Focus Focused-Wandering Wander Wandering-Focused Focus Wandering-Focused Wander Wandering-Focused,3,NaN,0.816064759674032,NaN,0.977925859257063,NaN,0.548293005431347,NaN,0.842451395036671,NaN,0.897771590188196,NaN,-0.986952623777153,-0.94512371771654,NaN,0.146499058738609,NaN,-0.336898774397906,NaN,0.36088922239089,NaN,-0.538426770467233,NaN,-0.583592917743615,NaN
A00063008,Focus Wandering-Focused Wander Wandering-Focused Focus Wandering-Focused Wander Focused-Wandering Focus Focused-Wandering Wander Focused-Wandering Focus Wandering-Focused Wander Wandering-Focused Focus Wandering-Focused Wander Focused-Wandering Focus Focused-Wandering Wander Focused-Wandering,4,NaN,-0.94315596610657,NaN,-0.363109102152391,NaN,-0.803927106736309,NaN,-0.733640700832291,NaN,-0.936645272533723,NaN,0.931268990691383,-0.085551126989351,NaN,-0.935548782867601,NaN,-0.856396324379403,NaN,-0.961439174210104,NaN,-0.166586338749642,NaN,0.0464995672751555,NaN
A00063103,Focus Wandering-Focused Wander Wandering-Focused Focus Wandering-Focused Wander Focused-Wandering Focus Focused-Wandering Wander Focused-Wandering Focus Wandering-Focused Wander Wandering-Focused Focus Wandering-Focused Wander Focused-Wandering Focus Focused-Wandering Wander Focused-Wandering,4,NaN,-0.635345923013253,NaN,0.592022871709643,NaN,0.781051037338154,NaN,0.49554625465267,NaN,0.98037936753424,NaN,0.994364377578785,-0.948499473099241,NaN,-0.723237054513453,NaN,-0.400677278842809,NaN,0.953837205697359,NaN,-0.452518942544132,NaN,0.712722490456819,NaN
A00063326,Wander Focused-Wandering Focus Focused-Wandering Wander Focused-Wandering Focus Wandering-Focused Wander Wandering-Focused Focus Wandering-Focused Wander Focused-Wandering Focus Focused-Wandering Wander Focused-Wandering Focus Wandering-Focused Wander Wandering-Focused Focus Wandering-Focused,1,-0.416905221588557,NaN,0.951882321064286,NaN,0.739969647543124,NaN,0.904026972794225,NaN,0.994686010690371,NaN,-0.135187090304534,NaN,NaN,0.885664440875858,NaN,0.86002277685374,NaN,0.827391705344013,NaN,0.693822092189892,NaN,-0.782038255986445,NaN,0.971885549336819
A00063368,Wander Focused-Wandering Focus Focused-Wandering Wander Focused-Wandering Focus Wandering-Focused Wander Wandering-Focused Focus Wandering-Focused Wander Focused-Wandering Focus Focused-Wandering Wander Focused-Wandering Focus Wandering-Focused Wander Wandering-Focused Focus Wandering-Focused,1,-0.398010695551684,NaN,0.809986014582942,NaN,-0.87838739212525,NaN,0.933809080928358,NaN,0.704896427783457,NaN,0.838572529872816,NaN,NaN,-0.553209711983756,NaN,-0.892629751825175,NaN,-0.522381558558074,NaN,0.946472383174422,NaN,-0.910930707517808,NaN,-0.863231610862481
A00063589,Wander Wandering-Focused Focus Wandering-Focused Wander Wandering-Focused Focus Focused-Wandering Wander Focused-Wandering Focus Focused-Wandering Wander Wandering-Focused Focus Wandering-Focused Wander Wandering-Focused Focus Focused-Wandering Wander Focused-Wandering Focus Focused-Wandering,2,0.0742514865919452,NaN,0.552252087047758,NaN,0.82966589271731,NaN,0.39660623414792,NaN,0.920251852989166,NaN,0.714511313955344,NaN,NaN,-0.874597015709988,NaN,-0.0599492288204199,NaN,0.888595910035295,NaN,0.958381648930206,NaN,-0.90552712990034,NaN,0.69813458566379
A00064081,Wander Focused-Wandering Focus Focused-Wandering Wander Focused-Wandering Focus Wandering-Focused Wander Wandering-Focused Focus Wandering-Focused Wander Focused-Wandering Focus Focused-Wandering Wander Focused-Wandering Focus Wandering-Focused Wander Wandering-Focused Focus Wandering-Focused,1,-0.86203438229632,NaN,0.928723983064031,NaN,0.152345383802496,NaN,0.761929456827844,NaN,0.996626411047321,NaN,0.952203770772855,NaN,NaN,0.688041354022592,NaN,0.646207693529181,NaN,0.763800518088073,NaN,0.199172515367544,NaN,0.582417288297392,NaN,0.242992089794132
A00064580,Wander Wandering-Focused Focus Wandering-Focused Wander Wandering-Focused Focus Focused-Wandering Wander Focused-Wandering Focus Focused-Wandering Wander Wandering-Focused Focus Wandering-Focused Wander Wandering-Focused Focus Focused-Wandering Wander Focused-Wandering Focus Focused-Wandering,2,0.365701425861859,NaN,0.940472299895819,NaN,-0.567567728488466,NaN,0.711798688569564,NaN,-0.875991748789062,NaN,0.564958852599806,NaN,NaN,-0.84738077653887,NaN,0.938908758499037,NaN,0.602036587839599,NaN,0.547229168648939,NaN,-0.552994178989462,NaN,0.973555862948644
A00065379,Focus Wandering-Focused Wander Wandering-Focused Focus Wandering-Focused Wander Focused-Wandering Focus Focused-Wandering Wander Focused-Wandering Focus Wandering-Focused Wander Wandering-Focused Focus Wandering-Focused Wander Focused-Wandering Focus Focused-Wandering Wander Focused-Wandering,4,NaN,-0.900611930429681,NaN,-0.770879491620521,NaN,-0.932909369799091,NaN,0.914249735310498,NaN,-0.0437852575917696,NaN,0.0150872686110816,0.376995040998332,NaN,-0.573314277910293,NaN,-0.895742291292864,NaN,0.759833354085091,NaN,0.561238031656207,NaN,0.794565665719976,NaN
A00065480,Focus Wandering-Focused Wander Wandering-Focused Focus Wandering-Focused Wander Focused-Wandering Focus Focused-Wandering Wander Focused-Wandering Focus Wandering-Focused Wander Wandering-Focused Focus Wandering-Focused Wander Focused-Wandering Focus Focused-Wandering Wander Focused-Wandering,4,NaN,0.857193687133336,NaN,0.900089324531977,NaN,0.0514672963297203,NaN,0.53224308013814,NaN,0.473140834471985,NaN,-0.0492978785533852,0.939078442105703,NaN,-0.978720212872044,NaN,-0.899648821145197,NaN,0.92827364321278,NaN,0.561579066339698,NaN,0.121311727108506,NaN
A00065617,Focus Wandering-Focused Wander Wandering-Focused Focus Wandering-Focused Wander Focused-Wandering Focus Focused-Wandering Wander Focused-Wandering Focus Wandering-Focused Wander Wandering-Focused Focus Wandering-Focused Wander Focused-Wandering Focus Focused-Wandering Wander Focused-Wandering,4,NaN,0.80413671035914,NaN,0.855294042723975,NaN,0.888938127889604,NaN,0.726378058880436,NaN,0.925752431027398,NaN,0.979164407063343,0.543878865427197,NaN,0.678864512789864,NaN,0.317652555630283,NaN,0.844363375262869,NaN,-0.254562054432499,NaN,0.804639916963235,NaN
A00065790,Wander Wandering-Focused Focus Wandering-Focused Wander Wandering-Focused Focus Focused-Wandering Wander Focused-Wandering Focus Focused-Wandering Wander Wandering-Focused Focus Wandering-Focused Wander Wandering-Focused Focus Focused-Wandering Wander Focused-Wandering Focus Focused-Wandering,2,-0.893795637516076,NaN,0.390992834193553,NaN,-0.596283494769876,NaN,-0.177518200419408,NaN,0.706348127751463,NaN,0.597465560424723,NaN,NaN,0.759078306748171,NaN,0.415279798705197,NaN,0.681662101928886,NaN,0.0645408970132482,NaN,-0.753294672263865,NaN,0.902005391086975
A00065935,Wander Focused-Wandering Focus Focused-Wandering Wander Focused-Wandering Focus Wandering-Focused Wander Wandering-Focused Focus Wandering-Focused Wander Focused-Wandering Focus Focused-Wandering Wander Focused-Wandering Focus Wandering-Focused Wander Wandering-Focused Focus Wandering-Focused,1,0.873329674066605,NaN,0.913755433930857,NaN,0.959800614341046,NaN,-0.683007785841273,NaN,0.70882428466937,NaN,0.383669616668889,NaN,NaN,-0.883852188264449,NaN,-0.750966010297121,NaN,0.680397706694376,NaN,-0.0292162751719476,NaN,0.373839464969401,NaN,0.317775220772113
A00065974,Focus Focused-Wandering Wander Focused-Wandering Focus Focused-Wandering Wander Wandering-Focused Focus Wandering-Focused Wander Wandering-Focused Focus Focused-Wandering Wander Focused-Wandering Focus Focused-Wandering Wander Wandering-Focused Focus Wandering-Focused Wander Wandering-Focused,3,NaN,0.830033480077528,NaN,-0.98255178686842,NaN,0.843398159725301,NaN,0.823514974724884,NaN,0.476578470321867,NaN,-0.954645686968153,-0.955327675060193,NaN,-0.796020637370109,NaN,-0.0303114821704348,NaN,0.571428488076701,NaN,0.697784005709347,NaN,0.429118148433242,NaN
A00065991,Focus Wandering-Focused Wander Wandering-Focused Focus Wandering-Focused Wander Focused-Wandering Focus Focused-Wandering Wander Focused-Wandering Focus Wandering-Focused Wander Wandering-Focused Focus Wandering-Focused Wander Focused-Wandering Focus Focused-Wandering Wander Focused-Wandering,4,NaN,-0.617716940650753,NaN,0.934451551079632,NaN,-0.38756915344044,NaN,-0.775050228546907,NaN,0.748889564494993,NaN,0.9595497898312,-0.709322837585214,NaN,0.983289804261102,NaN,0.714418441949722,NaN,0.855996841483505,NaN,-0.562138066882851,NaN,0.888994306369287,NaN
A00066087,Wander Focused-Wandering Focus Focused-Wandering Wander Focused-Wandering Focus Wandering-Focused Wander Wandering-Focused Focus Wandering-Focused Wander Focused-Wandering Focus Focused-Wandering Wander Focused-Wandering Focus Wandering-Focused Wander Wandering-Focused Focus Wandering-Focused,1,-0.780138806085317,NaN,-0.832686824050876,NaN,0.293835219083059,NaN,-0.960063653387581,NaN,-0.636215531025774,NaN,0.694613145953459,NaN,NaN,0.781328182216687,NaN,-0.956784083548776,NaN,-0.723976800889768,NaN,0.890352684139453,NaN,-0.941600240641755,NaN,-0.085260320853913
A00066091,Focus Wandering-Focused Wander Wandering-Focused Focus Wandering-Focused Wander Focused-Wandering Focus Focused-Wandering Wander Focused-Wandering Focus Wandering-Focused Wander Wandering-Focused Focus Wandering-Focused Wander Focused-Wandering Focus Focused-Wandering Wander Focused-Wandering,4,NaN,0.828631416305038,NaN,0.9728271080861,NaN,0.824010992205356,NaN,0.59913569935195,NaN,-0.616733759248578,NaN,0.730186808698418,-0.424783239840664,NaN,0.15882265659179,NaN,0.929943207100256,NaN,0.248165190094142,NaN,0.209622713590446,NaN,0.827566150437827,NaN
A00066232,Focus Focused-Wandering Wander Focused-Wandering Focus Focused-Wandering Wander Wandering-Focused Focus Wandering-Focused Wander Wandering-Focused Focus Focused-Wandering Wander Focused-Wandering Focus Focused-Wandering Wander Wandering-Focused Focus Wandering-Focused Wander Wandering-Focused,3,NaN,-0.459972439008714,NaN,0.860954018042725,NaN,0.548273553754832,NaN,-0.603180483587181,NaN,0.913333239710324,NaN,0.989219859449229,-0.961479589166194,NaN,0.484718359641704,NaN,0.861211852762803,NaN,0.965460593447968,NaN,0.973092866094339,NaN,0.585627884519324,NaN
A00066236,Wander Focused-Wandering Focus Focused-Wandering Wander Focused-Wandering Focus Wandering-Focused Wander Wandering-Focused Focus Wandering-Focused Wander Focused-Wandering Focus Focused-Wandering Wander Focused-Wandering Focus Wandering-Focused Wander Wandering-Focused Focus Wandering-Focused,1,-0.748894487367372,NaN,0.258117040163964,NaN,-0.020725982590464,NaN,-0.884489499841051,NaN,0.776556366829618,NaN,0.726952527691571,NaN,NaN,0.516257253408564,NaN,-0.286280673947942,NaN,-0.55085378540207,NaN,-0.49328690597088,NaN,0.599258995037653,NaN,-0.889776005522663
A00066319,Focus Wandering-Focused Wander Wandering-Focused Focus Wandering-Focused Wander Focused-Wandering Focus Focused-Wandering Wander Focused-Wandering Focus Wandering-Focused Wander Wandering-Focused Focus Wandering-Focused Wander Focused-Wandering Focus Focused-Wandering Wander Focused-Wandering,4,NaN,-0.888145294624811,NaN,0.759513619563572,NaN,-0.776697500171847,NaN,0.840279029630564,NaN,0.906120015315236,NaN,0.611186633614134,0.719300569410318,NaN,0.308915753196704,NaN,-0.684966525525064,NaN,0.913365370906895,NaN,0.992038882330476,NaN,0.67336826081107,NaN
A00066735,Wander Wandering-Focused Focus Wandering-Focused Wander Wandering-Focused Focus Focused-Wandering Wander Focused-Wandering Focus Focused-Wandering Wander Wandering-Focused Focus Wandering-Focused Wander Wandering-Focused Focus Focused-Wandering Wander Focused-Wandering Focus Focused-Wandering,2,-0.659811780729498,NaN,-0.594448609095118,NaN,0.00620535723185349,NaN,-0.487336518147941,NaN,0.934978228452633,NaN,0.840655620836627,NaN,NaN,0.947957749525187,NaN,-0.840835558591749,NaN,0.0150208958494248,NaN,0.348648434248502,NaN,0.634308119061914,NaN,0.917769415208361
A00066781,Focus Wandering-Focused Wander Wandering-Focused Focus Wandering-Focused Wander Focused-Wandering Focus Focused-Wandering Wander Focused-Wandering Focus Wandering-Focused Wander Wandering-Focused Focus Wandering-Focused Wander Focused-Wandering Focus Focused-Wandering Wander Focused-Wandering,4,NaN,0.461699676252898,NaN,0.771992634801995,NaN,0.370457101037366,NaN,0.281677227100204,NaN,0.900079432170898,NaN,0.953847993963152,-0.531507416885187,NaN,0.472250925329063,NaN,-0.800654797509191,NaN,0.895300987332009,NaN,0.547324310419055,NaN,-0.600358846329442,NaN
A00066812,Focus Focused-Wandering Wander Focused-Wandering Focus Focused-Wandering Wander Wandering-Focused Focus Wandering-Focused Wander Wandering-Focused Focus Focused-Wandering Wander Focused-Wandering Focus Focused-Wandering Wander Wandering-Focused Focus Wandering-Focused Wander Wandering-Focused,3,NaN,-0.959977213570124,NaN,0.984497100536916,NaN,-0.748392603869131,NaN,0.357133524184359,NaN,-0.92660370511888,NaN,0.970132189679752,-0.663643818118835,NaN,0.85414105223533,NaN,0.929426047759899,NaN,0.715268313366212,NaN,-0.91601684061197,NaN,0.965407203730797,NaN
A00066822,Focus Wandering-Focused Wander Wandering-Focused Focus Wandering-Focused Wander Focused-Wandering Focus Focused-Wandering Wander Focused-Wandering Focus Wandering-Focused Wander Wandering-Focused Focus Wandering-Focused Wander Focused-Wandering Focus Focused-Wandering Wander Focused-Wandering,4,NaN,-0.309159601362964,NaN,0.679176791526292,NaN,-0.780454100992132,NaN,0.664744509845732,NaN,-0.458733849467309,NaN,0.0478618354048401,0.91733676249145,NaN,0.635020867057114,NaN,0.69695197578316,NaN,0.802669283759608,NaN,0.242637970704707,NaN,0.12036090737786,NaN
A00066827,Wander Focused-Wandering Focus Focused-Wandering Wander Focused-Wandering Focus Wandering-Focused Wander Wandering-Focused Focus Wandering-Focused Wander Focused-Wandering Focus Focused-Wandering Wander Focused-Wandering Focus Wandering-Focused Wander Wandering-Focused Focus Wandering-Focused,1,-0.6548906728883,NaN,-0.330659588451346,NaN,-0.384241306894407,NaN,0.967762865555172,NaN,0.988849491416284,NaN,0.928924990289596,NaN,NaN,0.281650283395786,NaN,0.744214501253349,NaN,-0.930395934468566,NaN,-0.901702840800685,NaN,-0.760789679762952,NaN,0.974477218260713
A00066926,Wander Focused-Wandering Focus Focused-Wandering Wander Focused-Wandering Focus Wandering-Focused Wander Wandering-Focused Focus Wandering-Focused Wander Focused-Wandering Focus Focused-Wandering Wander Focused-Wandering Focus Wandering-Focused Wander Wandering-Focused Focus Wandering-Focused,1,-0.739135449219265,NaN,-0.735637752190021,NaN,0.856270821003553,NaN,0.935632720740444,NaN,0.914717381088863,NaN,-0.981162620043957,NaN,NaN,-0.546584634334635,NaN,0.980772748010532,NaN,0.846102964424707,NaN,0.597505810123173,NaN,0.89242045022768,NaN,-0.330294074601951
A00072203,Wander Focused-Wandering Focus Focused-Wandering Wander Focused-Wandering Focus Wandering-Focused Wander Wandering-Focused Focus Wandering-Focused Wander Focused-Wandering Focus Focused-Wandering Wander Focused-Wandering Focus Wandering-Focused Wander Wandering-Focused Focus Wandering-Focused,1,-0.235036468235862,NaN,0.640648224918818,NaN,-0.413723178457926,NaN,0.898417628584904,NaN,-0.838808373538979,NaN,0.883219021745704,NaN,NaN,-0.0922326648638257,NaN,-0.112005760002236,NaN,0.634696820154562,NaN,-0.116508320018572,NaN,0.432027375068404,NaN,-0.7123385262916
A00073600,Focus Focused-Wandering Wander Focused-Wandering Focus Focused-Wandering Wander Wandering-Focused Focus Wandering-Focused Wander Wandering-Focused Focus Focused-Wandering Wander Focused-Wandering Focus Focused-Wandering Wander Wandering-Focused Focus Wandering-Focused Wander Wandering-Focused,3,NaN,0.940761571538713,NaN,-0.2930687138411,NaN,0.898356882189784,NaN,0.139514006574476,NaN,0.907755174122963,NaN,0.964693696141524,-0.756420348126755,NaN,-0.392420742163996,NaN,-0.337617439710188,NaN,0.86957705024863,NaN,0.83278318491581,NaN,0.375537299641898,NaN
A00073677,Wander Wandering-Focused Focus Wandering-Focused Wander Wandering-Focused Focus Focused-Wandering Wander Focused-Wandering Focus Focused-Wandering Wander Wandering-Focused Focus Wandering-Focused Wander Wandering-Focused Focus Focused-Wandering Wander Focused-Wandering Focus Focused-Wandering,2,-0.943852435872211,NaN,-0.510315258529003,NaN,-0.938251676177664,NaN,-0.267954649520926,NaN,0.502269389805572,NaN,0.633515211595768,NaN,NaN,-0.978632003515642,NaN,0.869675262926904,NaN,0.966692753556483,NaN,-0.319987625751525,NaN,-0.826052083898478,NaN,-0.563679749302471
